package_name, organisation, dev
omopgenerics, darwin-eu, ox
PatientProfiles, darwin-eu, ox
CohortConstructor, ohdsi, ox
CodelistGenerator, darwin-eu, ox
visOmopResults, darwin-eu, ox
IncidencePrevalence, darwin-eu, ox
DrugUtilisation, darwin-eu, ox
CohortCharacteristics, darwin-eu, ox
CohortSurvival, darwin-eu, ox
CohortSymmetry, ohdsi, ox
OmopSketch, ohdsi, ox
PhenotypeR, ohdsi, ox
omock, ohdsi, ox
OmopConstructor, ohdsi, ox
OmopViewer, ohdsi, ox
OmopStudyBuilder, oxford-pharmacoepi, ox
EpiStandard, oxford-pharmacoepi, ox
OmopSparkConnector, oxford-pharmacoepi, ox
CDMConnector, darwin-eu, dw
DrugExposureDiagnostics, darwin-eu, dw